"Step","Actions","Successes","Observations","Coverage","TransportRate","Finished","TimeoutAgents","NoOpSource","RunID","MaxSteps","RemainingSteps","WallTimeSinceStart","StepDurationMs","ErrorTypes","CompletedSubtasksDelta","EndReason"
"1","['NoOp', 'RotateLeft']","[True, True]","['Action NoOp succeeded.', 'Action RotateLeft succeeded.']","0.0","0.0","False","[]","['idle_heartbeat', '']","ai2thor-3_transport_groceries-agents2-seed42-923ea7a9","50","49","8.008525848388672","509.9960220977664","[]","[]","max_steps_reached"
"2","['Done', 'RotateRight']","[True, True]","['Action Done succeeded.', 'Action RotateRight succeeded.']","0.0","0.0","False","[]","['', '']","ai2thor-3_transport_groceries-agents2-seed42-923ea7a9","50","48","10.011959791183472","136.18113193660975","[]","[]","max_steps_reached"
"3","['NoOp', 'MoveAhead']","[True, True]","['Action NoOp succeeded.', 'Action MoveAhead succeeded.']","0.0","0.0","False","[]","['idle_heartbeat', '']","ai2thor-3_transport_groceries-agents2-seed42-923ea7a9","50","47","12.015137910842896","117.39841103553772","[]","[]","max_steps_reached"
"4","['NoOp', 'OpenObject(Fridge|-02.10|+00.00|+01.07)']","[True, False]","['Action NoOp succeeded.', 'Action OpenObject(Fridge_1) failed.']","0.0","0.0","False","[]","['idle_heartbeat', '']","ai2thor-3_transport_groceries-agents2-seed42-923ea7a9","50","46","12.015137910842896","106.85001593083143","['NullReferenceException: Target object not found within the specified visibility.. trace:   at UnityStandardAssets.Characters.FirstPerson.BaseFPSAgentController.getInteractableSimObjectFromId (System.String objectId, System.Boolean forceAction) [0x0007a] in <686694aeb00e4f03b2b15637c42c1442>:0 \n  at UnityStandardAssets.Characters.FirstPerson.PhysicsRemoteFPSAgentController.OpenObject (System.String objectId, System.Single openness, System.Boolean forceAction, System.Boolean returnToStart, System.Boolean ignoreAgentInTransition, System.Boolean stopAtNonStaticCol, System.Nullable`1[T] physicsInterval, System.Boolean useGripper, System.Nullable`1[T] moveMagnitude) [0x00000] in <686694aeb00e4f03b2b15637c42c1442>:0 \n  at (wrapper managed-to-native) System.Reflection.MonoMethod.InternalInvoke(System.Reflection.MonoMethod,object,object[],System.Exception&)\n  at System.Reflection.MonoMethod.Invoke (System.Object obj, System.Reflection.BindingFlags invokeAttr, System.Reflection.Binder binder, System.Object[] parameters, System.Globalization.CultureInfo culture) [0x00032] in <695d1cc93cca45069c528c15c9fdd749>:0 ']","[]","max_steps_reached"
"5","['NoOp', 'MoveAhead']","[True, False]","['Action NoOp succeeded.', 'Action MoveAhead failed.']","0.0","0.0","False","[]","['idle_heartbeat', '']","ai2thor-3_transport_groceries-agents2-seed42-923ea7a9","50","45","14.020889520645142","116.54679663479328","['StandardCounterHeightWidth is blocking Agent 1 from moving by (-0.2500, 0.0000, 0.0000).']","[]","max_steps_reached"
"6","['NoOp', 'OpenObject(Fridge|-02.10|+00.00|+01.07)']","[True, False]","['Action NoOp succeeded.', 'Action OpenObject(Fridge_1) failed.']","0.0","0.0","False","[]","['idle_heartbeat', '']","ai2thor-3_transport_groceries-agents2-seed42-923ea7a9","50","44","16.023432731628418","129.39105089753866","['NullReferenceException: Target object not found within the specified visibility.. trace:   at UnityStandardAssets.Characters.FirstPerson.BaseFPSAgentController.getInteractableSimObjectFromId (System.String objectId, System.Boolean forceAction) [0x0007a] in <686694aeb00e4f03b2b15637c42c1442>:0 \n  at UnityStandardAssets.Characters.FirstPerson.PhysicsRemoteFPSAgentController.OpenObject (System.String objectId, System.Single openness, System.Boolean forceAction, System.Boolean returnToStart, System.Boolean ignoreAgentInTransition, System.Boolean stopAtNonStaticCol, System.Nullable`1[T] physicsInterval, System.Boolean useGripper, System.Nullable`1[T] moveMagnitude) [0x00000] in <686694aeb00e4f03b2b15637c42c1442>:0 \n  at (wrapper managed-to-native) System.Reflection.MonoMethod.InternalInvoke(System.Reflection.MonoMethod,object,object[],System.Exception&)\n  at System.Reflection.MonoMethod.Invoke (System.Object obj, System.Reflection.BindingFlags invokeAttr, System.Reflection.Binder binder, System.Object[] parameters, System.Globalization.CultureInfo culture) [0x00032] in <695d1cc93cca45069c528c15c9fdd749>:0 ']","[]","max_steps_reached"
"7","['NoOp', 'OpenObject(Fridge|-02.10|+00.00|+01.07)']","[True, False]","['Action NoOp succeeded.', 'Action OpenObject(Fridge_1) failed.']","0.0","0.0","False","[]","['idle_heartbeat', '']","ai2thor-3_transport_groceries-agents2-seed42-923ea7a9","50","43","18.02699589729309","119.32886857539415","['NullReferenceException: Target object not found within the specified visibility.. trace:   at UnityStandardAssets.Characters.FirstPerson.BaseFPSAgentController.getInteractableSimObjectFromId (System.String objectId, System.Boolean forceAction) [0x0007a] in <686694aeb00e4f03b2b15637c42c1442>:0 \n  at UnityStandardAssets.Characters.FirstPerson.PhysicsRemoteFPSAgentController.OpenObject (System.String objectId, System.Single openness, System.Boolean forceAction, System.Boolean returnToStart, System.Boolean ignoreAgentInTransition, System.Boolean stopAtNonStaticCol, System.Nullable`1[T] physicsInterval, System.Boolean useGripper, System.Nullable`1[T] moveMagnitude) [0x00000] in <686694aeb00e4f03b2b15637c42c1442>:0 \n  at (wrapper managed-to-native) System.Reflection.MonoMethod.InternalInvoke(System.Reflection.MonoMethod,object,object[],System.Exception&)\n  at System.Reflection.MonoMethod.Invoke (System.Object obj, System.Reflection.BindingFlags invokeAttr, System.Reflection.Binder binder, System.Object[] parameters, System.Globalization.CultureInfo culture) [0x00032] in <695d1cc93cca45069c528c15c9fdd749>:0 ']","[]","max_steps_reached"
"8","['NoOp', 'RotateLeft']","[True, True]","['Action NoOp succeeded.', 'Action RotateLeft succeeded.']","0.0","0.0","False","[]","['idle_heartbeat', '']","ai2thor-3_transport_groceries-agents2-seed42-923ea7a9","50","42","22.033453226089478","142.46220514178276","[]","[]","max_steps_reached"
"9","['NoOp', 'OpenObject(Fridge|-02.10|+00.00|+01.07)']","[True, False]","['Action NoOp succeeded.', 'Action OpenObject(Fridge_1) failed.']","0.0","0.0","False","[]","['idle_heartbeat', '']","ai2thor-3_transport_groceries-agents2-seed42-923ea7a9","50","41","22.033453226089478","125.29601249843836","['NullReferenceException: Target object not found within the specified visibility.. trace:   at UnityStandardAssets.Characters.FirstPerson.BaseFPSAgentController.getInteractableSimObjectFromId (System.String objectId, System.Boolean forceAction) [0x0007a] in <686694aeb00e4f03b2b15637c42c1442>:0 \n  at UnityStandardAssets.Characters.FirstPerson.PhysicsRemoteFPSAgentController.OpenObject (System.String objectId, System.Single openness, System.Boolean forceAction, System.Boolean returnToStart, System.Boolean ignoreAgentInTransition, System.Boolean stopAtNonStaticCol, System.Nullable`1[T] physicsInterval, System.Boolean useGripper, System.Nullable`1[T] moveMagnitude) [0x00000] in <686694aeb00e4f03b2b15637c42c1442>:0 \n  at (wrapper managed-to-native) System.Reflection.MonoMethod.InternalInvoke(System.Reflection.MonoMethod,object,object[],System.Exception&)\n  at System.Reflection.MonoMethod.Invoke (System.Object obj, System.Reflection.BindingFlags invokeAttr, System.Reflection.Binder binder, System.Object[] parameters, System.Globalization.CultureInfo culture) [0x00032] in <695d1cc93cca45069c528c15c9fdd749>:0 ']","[]","max_steps_reached"
"10","['NoOp', 'MoveAhead']","[True, True]","['Action NoOp succeeded.', 'Action MoveAhead succeeded.']","0.0","0.0","False","[]","['idle_heartbeat', '']","ai2thor-3_transport_groceries-agents2-seed42-923ea7a9","50","40","26.04067325592041","144.86789051443338","[]","[]","max_steps_reached"
"11","['NoOp', 'OpenObject(Fridge|-02.10|+00.00|+01.07)']","[True, False]","['Action NoOp succeeded.', 'Action OpenObject(Fridge_1) failed.']","0.0","0.0","False","[]","['idle_heartbeat', '']","ai2thor-3_transport_groceries-agents2-seed42-923ea7a9","50","39","28.044224977493286","131.07512053102255","['NullReferenceException: Target object not found within the specified visibility.. trace:   at UnityStandardAssets.Characters.FirstPerson.BaseFPSAgentController.getInteractableSimObjectFromId (System.String objectId, System.Boolean forceAction) [0x0007a] in <686694aeb00e4f03b2b15637c42c1442>:0 \n  at UnityStandardAssets.Characters.FirstPerson.PhysicsRemoteFPSAgentController.OpenObject (System.String objectId, System.Single openness, System.Boolean forceAction, System.Boolean returnToStart, System.Boolean ignoreAgentInTransition, System.Boolean stopAtNonStaticCol, System.Nullable`1[T] physicsInterval, System.Boolean useGripper, System.Nullable`1[T] moveMagnitude) [0x00000] in <686694aeb00e4f03b2b15637c42c1442>:0 \n  at (wrapper managed-to-native) System.Reflection.MonoMethod.InternalInvoke(System.Reflection.MonoMethod,object,object[],System.Exception&)\n  at System.Reflection.MonoMethod.Invoke (System.Object obj, System.Reflection.BindingFlags invokeAttr, System.Reflection.Binder binder, System.Object[] parameters, System.Globalization.CultureInfo culture) [0x00032] in <695d1cc93cca45069c528c15c9fdd749>:0 ']","[]","max_steps_reached"
"12","['NoOp', 'RotateLeft']","[True, True]","['Action NoOp succeeded.', 'Action RotateLeft succeeded.']","0.0","0.0","False","[]","['idle_heartbeat', '']","ai2thor-3_transport_groceries-agents2-seed42-923ea7a9","50","38","30.047932624816895","153.6565888673067","[]","[]","max_steps_reached"
"13","['NoOp', 'RotateLeft']","[True, True]","['Action NoOp succeeded.', 'Action RotateLeft succeeded.']","0.0","0.0","False","[]","['idle_heartbeat', '']","ai2thor-3_transport_groceries-agents2-seed42-923ea7a9","50","37","32.05207419395447","110.22447235882282","[]","[]","max_steps_reached"
"14","['NoOp', 'RotateLeft']","[True, True]","['Action NoOp succeeded.', 'Action RotateLeft succeeded.']","0.0","0.0","False","[]","['idle_heartbeat', '']","ai2thor-3_transport_groceries-agents2-seed42-923ea7a9","50","36","36.058404207229614","146.31477184593678","[]","[]","max_steps_reached"
"15","['NoOp', 'MoveAhead']","[True, False]","['Action NoOp succeeded.', 'Action MoveAhead failed.']","0.0","0.0","False","[]","['idle_heartbeat', '']","ai2thor-3_transport_groceries-agents2-seed42-923ea7a9","50","35","38.06194567680359","119.04710531234741","['Dishwasher is blocking Agent 1 from moving by (-0.2500, 0.0000, 0.0000).']","[]","max_steps_reached"
"16","['NoOp', 'OpenObject(Fridge|-02.10|+00.00|+01.07)']","[True, False]","['Action NoOp succeeded.', 'Action OpenObject(Fridge_1) failed.']","0.0","0.0","False","[]","['idle_heartbeat', '']","ai2thor-3_transport_groceries-agents2-seed42-923ea7a9","50","34","40.06560397148132","130.61392307281494","['NullReferenceException: Target object not found within the specified visibility.. trace:   at UnityStandardAssets.Characters.FirstPerson.BaseFPSAgentController.getInteractableSimObjectFromId (System.String objectId, System.Boolean forceAction) [0x0007a] in <686694aeb00e4f03b2b15637c42c1442>:0 \n  at UnityStandardAssets.Characters.FirstPerson.PhysicsRemoteFPSAgentController.OpenObject (System.String objectId, System.Single openness, System.Boolean forceAction, System.Boolean returnToStart, System.Boolean ignoreAgentInTransition, System.Boolean stopAtNonStaticCol, System.Nullable`1[T] physicsInterval, System.Boolean useGripper, System.Nullable`1[T] moveMagnitude) [0x00000] in <686694aeb00e4f03b2b15637c42c1442>:0 \n  at (wrapper managed-to-native) System.Reflection.MonoMethod.InternalInvoke(System.Reflection.MonoMethod,object,object[],System.Exception&)\n  at System.Reflection.MonoMethod.Invoke (System.Object obj, System.Reflection.BindingFlags invokeAttr, System.Reflection.Binder binder, System.Object[] parameters, System.Globalization.CultureInfo culture) [0x00032] in <695d1cc93cca45069c528c15c9fdd749>:0 ']","[]","max_steps_reached"
"17","['NoOp', 'MoveAhead']","[True, False]","['Action NoOp succeeded.', 'Action MoveAhead failed.']","0.0","0.0","False","[]","['idle_heartbeat', '']","ai2thor-3_transport_groceries-agents2-seed42-923ea7a9","50","33","42.06954884529114","140.24121966212988","['Dishwasher is blocking Agent 1 from moving by (-0.2500, 0.0000, 0.0000).']","[]","max_steps_reached"
"18","['NoOp', 'RotateRight']","[True, True]","['Action NoOp succeeded.', 'Action RotateRight succeeded.']","0.0","0.0","False","[]","['idle_heartbeat', '']","ai2thor-3_transport_groceries-agents2-seed42-923ea7a9","50","32","44.07318472862244","123.75710718333721","[]","[]","max_steps_reached"
"19","['NoOp', 'MoveAhead']","[True, True]","['Action NoOp succeeded.', 'Action MoveAhead succeeded.']","0.0","0.0","False","[]","['idle_heartbeat', '']","ai2thor-3_transport_groceries-agents2-seed42-923ea7a9","50","31","46.07659649848938","117.19191260635853","[]","[]","max_steps_reached"
"20","['NoOp', 'MoveAhead']","[True, True]","['Action NoOp succeeded.', 'Action MoveAhead succeeded.']","0.0","0.0","False","[]","['idle_heartbeat', '']","ai2thor-3_transport_groceries-agents2-seed42-923ea7a9","50","30","48.08028602600098","109.23254024237394","[]","[]","max_steps_reached"
"21","['NoOp', 'RotateLeft']","[True, True]","['Action NoOp succeeded.', 'Action RotateLeft succeeded.']","0.0","0.0","False","[]","['idle_heartbeat', '']","ai2thor-3_transport_groceries-agents2-seed42-923ea7a9","50","29","50.08464765548706","150.74265468865633","[]","[]","max_steps_reached"
"22","['NoOp', 'OpenObject(Fridge|-02.10|+00.00|+01.07)']","[True, True]","['Action NoOp succeeded.', 'Action OpenObject(Fridge_1) succeeded.']","0.0","0.045454545454545456","False","[]","['idle_heartbeat', '']","ai2thor-3_transport_groceries-agents2-seed42-923ea7a9","50","28","52.08807420730591","135.59595867991447","[]","['OpenObject(Fridge)']","max_steps_reached"
"23","['NoOp', 'Done']","[True, True]","['Action NoOp succeeded.', 'Action Done succeeded.']","0.0","0.045454545454545456","False","[]","['idle_heartbeat', '']","ai2thor-3_transport_groceries-agents2-seed42-923ea7a9","50","27","56.0936017036438","129.54410817474127","[]","[]","max_steps_reached"
"24","['PickupObject(Apple|-00.47|+01.15|+00.48)', 'NoOp']","[False, True]","['Action PickupObject(Apple_1) failed.', 'Action NoOp succeeded.']","0.0","0.045454545454545456","False","[]","['', 'idle_heartbeat']","ai2thor-3_transport_groceries-agents2-seed42-923ea7a9","50","26","66.10583829879761","325.4660991951823","['NullReferenceException: Target object not found within the specified visibility.. trace:   at UnityStandardAssets.Characters.FirstPerson.BaseFPSAgentController.getInteractableSimObjectFromId (System.String objectId, System.Boolean forceAction) [0x0007a] in <686694aeb00e4f03b2b15637c42c1442>:0 \n  at UnityStandardAssets.Characters.FirstPerson.PhysicsRemoteFPSAgentController.PickupObject (System.String objectId, System.Boolean forceAction, System.Boolean manualInteract) [0x00000] in <686694aeb00e4f03b2b15637c42c1442>:0 \n  at (wrapper managed-to-native) System.Reflection.MonoMethod.InternalInvoke(System.Reflection.MonoMethod,object,object[],System.Exception&)\n  at System.Reflection.MonoMethod.Invoke (System.Object obj, System.Reflection.BindingFlags invokeAttr, System.Reflection.Binder binder, System.Object[] parameters, System.Globalization.CultureInfo culture) [0x00032] in <695d1cc93cca45069c528c15c9fdd749>:0 ']","[]","max_steps_reached"
"25","['MoveAhead', 'PickupObject(Potato|-01.66|+00.93|-02.15)']","[True, False]","['Action MoveAhead succeeded.', 'Action PickupObject(Potato_1) failed.']","0.0","0.045454545454545456","False","[]","['', '']","ai2thor-3_transport_groceries-agents2-seed42-923ea7a9","50","25","70.11196517944336","137.97410484403372","['NullReferenceException: Target object not found within the specified visibility.. trace:   at UnityStandardAssets.Characters.FirstPerson.BaseFPSAgentController.getInteractableSimObjectFromId (System.String objectId, System.Boolean forceAction) [0x0007a] in <686694aeb00e4f03b2b15637c42c1442>:0 \n  at UnityStandardAssets.Characters.FirstPerson.PhysicsRemoteFPSAgentController.PickupObject (System.String objectId, System.Boolean forceAction, System.Boolean manualInteract) [0x00000] in <686694aeb00e4f03b2b15637c42c1442>:0 \n  at (wrapper managed-to-native) System.Reflection.MonoMethod.InternalInvoke(System.Reflection.MonoMethod,object,object[],System.Exception&)\n  at System.Reflection.MonoMethod.Invoke (System.Object obj, System.Reflection.BindingFlags invokeAttr, System.Reflection.Binder binder, System.Object[] parameters, System.Globalization.CultureInfo culture) [0x00032] in <695d1cc93cca45069c528c15c9fdd749>:0 ']","[]","max_steps_reached"
"26","['PickupObject(Apple|-00.47|+01.15|+00.48)', 'PickupObject(Potato|-01.66|+00.93|-02.15)']","[False, False]","['Action PickupObject(Apple_1) failed.', 'Action PickupObject(Potato_1) failed.']","0.0","0.045454545454545456","False","[]","['', '']","ai2thor-3_transport_groceries-agents2-seed42-923ea7a9","50","24","70.11196517944336","109.74904522299767","['NullReferenceException: Target object not found within the specified visibility.. trace:   at UnityStandardAssets.Characters.FirstPerson.BaseFPSAgentController.getInteractableSimObjectFromId (System.String objectId, System.Boolean forceAction) [0x0007a] in <686694aeb00e4f03b2b15637c42c1442>:0 \n  at UnityStandardAssets.Characters.FirstPerson.PhysicsRemoteFPSAgentController.PickupObject (System.String objectId, System.Boolean forceAction, System.Boolean manualInteract) [0x00000] in <686694aeb00e4f03b2b15637c42c1442>:0 \n  at (wrapper managed-to-native) System.Reflection.MonoMethod.InternalInvoke(System.Reflection.MonoMethod,object,object[],System.Exception&)\n  at System.Reflection.MonoMethod.Invoke (System.Object obj, System.Reflection.BindingFlags invokeAttr, System.Reflection.Binder binder, System.Object[] parameters, System.Globalization.CultureInfo culture) [0x00032] in <695d1cc93cca45069c528c15c9fdd749>:0 ', 'NullReferenceException: Target object not found within the specified visibility.. trace:   at UnityStandardAssets.Characters.FirstPerson.BaseFPSAgentController.getInteractableSimObjectFromId (System.String objectId, System.Boolean forceAction) [0x0007a] in <686694aeb00e4f03b2b15637c42c1442>:0 \n  at UnityStandardAssets.Characters.FirstPerson.PhysicsRemoteFPSAgentController.PickupObject (System.String objectId, System.Boolean forceAction, System.Boolean manualInteract) [0x00000] in <686694aeb00e4f03b2b15637c42c1442>:0 \n  at (wrapper managed-to-native) System.Reflection.MonoMethod.InternalInvoke(System.Reflection.MonoMethod,object,object[],System.Exception&)\n  at System.Reflection.MonoMethod.Invoke (System.Object obj, System.Reflection.BindingFlags invokeAttr, System.Reflection.Binder binder, System.Object[] parameters, System.Globalization.CultureInfo culture) [0x00032] in <695d1cc93cca45069c528c15c9fdd749>:0 ']","[]","max_steps_reached"
"27","['RotateRight', 'PickupObject(Potato|-01.66|+00.93|-02.15)']","[True, False]","['Action RotateRight succeeded.', 'Action PickupObject(Potato_1) failed.']","0.0","0.045454545454545456","False","[]","['', '']","ai2thor-3_transport_groceries-agents2-seed42-923ea7a9","50","23","72.11722087860107","142.36496947705746","['NullReferenceException: Target object not found within the specified visibility.. trace:   at UnityStandardAssets.Characters.FirstPerson.BaseFPSAgentController.getInteractableSimObjectFromId (System.String objectId, System.Boolean forceAction) [0x0007a] in <686694aeb00e4f03b2b15637c42c1442>:0 \n  at UnityStandardAssets.Characters.FirstPerson.PhysicsRemoteFPSAgentController.PickupObject (System.String objectId, System.Boolean forceAction, System.Boolean manualInteract) [0x00000] in <686694aeb00e4f03b2b15637c42c1442>:0 \n  at (wrapper managed-to-native) System.Reflection.MonoMethod.InternalInvoke(System.Reflection.MonoMethod,object,object[],System.Exception&)\n  at System.Reflection.MonoMethod.Invoke (System.Object obj, System.Reflection.BindingFlags invokeAttr, System.Reflection.Binder binder, System.Object[] parameters, System.Globalization.CultureInfo culture) [0x00032] in <695d1cc93cca45069c528c15c9fdd749>:0 ']","[]","max_steps_reached"
"28","['PickupObject(Apple|-00.47|+01.15|+00.48)', 'PickupObject(Potato|-01.66|+00.93|-02.15)']","[False, False]","['Action PickupObject(Apple_1) failed.', 'Action PickupObject(Potato_1) failed.']","0.0","0.045454545454545456","False","[]","['', '']","ai2thor-3_transport_groceries-agents2-seed42-923ea7a9","50","22","74.12108135223389","134.5068020746112","['NullReferenceException: Target object not found within the specified visibility.. trace:   at UnityStandardAssets.Characters.FirstPerson.BaseFPSAgentController.getInteractableSimObjectFromId (System.String objectId, System.Boolean forceAction) [0x0007a] in <686694aeb00e4f03b2b15637c42c1442>:0 \n  at UnityStandardAssets.Characters.FirstPerson.PhysicsRemoteFPSAgentController.PickupObject (System.String objectId, System.Boolean forceAction, System.Boolean manualInteract) [0x00000] in <686694aeb00e4f03b2b15637c42c1442>:0 \n  at (wrapper managed-to-native) System.Reflection.MonoMethod.InternalInvoke(System.Reflection.MonoMethod,object,object[],System.Exception&)\n  at System.Reflection.MonoMethod.Invoke (System.Object obj, System.Reflection.BindingFlags invokeAttr, System.Reflection.Binder binder, System.Object[] parameters, System.Globalization.CultureInfo culture) [0x00032] in <695d1cc93cca45069c528c15c9fdd749>:0 ', 'NullReferenceException: Target object not found within the specified visibility.. trace:   at UnityStandardAssets.Characters.FirstPerson.BaseFPSAgentController.getInteractableSimObjectFromId (System.String objectId, System.Boolean forceAction) [0x0007a] in <686694aeb00e4f03b2b15637c42c1442>:0 \n  at UnityStandardAssets.Characters.FirstPerson.PhysicsRemoteFPSAgentController.PickupObject (System.String objectId, System.Boolean forceAction, System.Boolean manualInteract) [0x00000] in <686694aeb00e4f03b2b15637c42c1442>:0 \n  at (wrapper managed-to-native) System.Reflection.MonoMethod.InternalInvoke(System.Reflection.MonoMethod,object,object[],System.Exception&)\n  at System.Reflection.MonoMethod.Invoke (System.Object obj, System.Reflection.BindingFlags invokeAttr, System.Reflection.Binder binder, System.Object[] parameters, System.Globalization.CultureInfo culture) [0x00032] in <695d1cc93cca45069c528c15c9fdd749>:0 ']","[]","max_steps_reached"
"29","['LookDown(30)', 'PickupObject(Bottle|+01.54|+00.89|-02.54)']","[True, False]","['Action LookDown(30) succeeded.', 'Action PickupObject(Bottle_1) failed.']","0.0","0.045454545454545456","False","[]","['', '']","ai2thor-3_transport_groceries-agents2-seed42-923ea7a9","50","21","76.1242880821228","128.06905340403318","['NullReferenceException: Target object not found within the specified visibility.. trace:   at UnityStandardAssets.Characters.FirstPerson.BaseFPSAgentController.getInteractableSimObjectFromId (System.String objectId, System.Boolean forceAction) [0x0007a] in <686694aeb00e4f03b2b15637c42c1442>:0 \n  at UnityStandardAssets.Characters.FirstPerson.PhysicsRemoteFPSAgentController.PickupObject (System.String objectId, System.Boolean forceAction, System.Boolean manualInteract) [0x00000] in <686694aeb00e4f03b2b15637c42c1442>:0 \n  at (wrapper managed-to-native) System.Reflection.MonoMethod.InternalInvoke(System.Reflection.MonoMethod,object,object[],System.Exception&)\n  at System.Reflection.MonoMethod.Invoke (System.Object obj, System.Reflection.BindingFlags invokeAttr, System.Reflection.Binder binder, System.Object[] parameters, System.Globalization.CultureInfo culture) [0x00032] in <695d1cc93cca45069c528c15c9fdd749>:0 ']","[]","max_steps_reached"
"30","['PickupObject(Apple|-00.47|+01.15|+00.48)', 'MoveAhead']","[False, False]","['Action PickupObject(Apple_1) failed.', 'Action MoveAhead failed.']","0.0","0.045454545454545456","False","[]","['', '']","ai2thor-3_transport_groceries-agents2-seed42-923ea7a9","50","20","78.12781071662903","104.8825541511178","['NullReferenceException: Target object not found within the specified visibility.. trace:   at UnityStandardAssets.Characters.FirstPerson.BaseFPSAgentController.getInteractableSimObjectFromId (System.String objectId, System.Boolean forceAction) [0x0007a] in <686694aeb00e4f03b2b15637c42c1442>:0 \n  at UnityStandardAssets.Characters.FirstPerson.PhysicsRemoteFPSAgentController.PickupObject (System.String objectId, System.Boolean forceAction, System.Boolean manualInteract) [0x00000] in <686694aeb00e4f03b2b15637c42c1442>:0 \n  at (wrapper managed-to-native) System.Reflection.MonoMethod.InternalInvoke(System.Reflection.MonoMethod,object,object[],System.Exception&)\n  at System.Reflection.MonoMethod.Invoke (System.Object obj, System.Reflection.BindingFlags invokeAttr, System.Reflection.Binder binder, System.Object[] parameters, System.Globalization.CultureInfo culture) [0x00032] in <695d1cc93cca45069c528c15c9fdd749>:0 ', 'StandardCounterHeightWidth is blocking Agent 1 from moving by (-0.2500, 0.0000, 0.0000).']","[]","max_steps_reached"
"31","['LookUp(30)', 'PickupObject(Potato|-01.66|+00.93|-02.15)']","[True, False]","['Action LookUp(30) succeeded.', 'Action PickupObject(Potato_1) failed.']","0.0","0.045454545454545456","False","[]","['', '']","ai2thor-3_transport_groceries-agents2-seed42-923ea7a9","50","19","80.13136386871338","118.85457951575518","['NullReferenceException: Target object not found within the specified visibility.. trace:   at UnityStandardAssets.Characters.FirstPerson.BaseFPSAgentController.getInteractableSimObjectFromId (System.String objectId, System.Boolean forceAction) [0x0007a] in <686694aeb00e4f03b2b15637c42c1442>:0 \n  at UnityStandardAssets.Characters.FirstPerson.PhysicsRemoteFPSAgentController.PickupObject (System.String objectId, System.Boolean forceAction, System.Boolean manualInteract) [0x00000] in <686694aeb00e4f03b2b15637c42c1442>:0 \n  at (wrapper managed-to-native) System.Reflection.MonoMethod.InternalInvoke(System.Reflection.MonoMethod,object,object[],System.Exception&)\n  at System.Reflection.MonoMethod.Invoke (System.Object obj, System.Reflection.BindingFlags invokeAttr, System.Reflection.Binder binder, System.Object[] parameters, System.Globalization.CultureInfo culture) [0x00032] in <695d1cc93cca45069c528c15c9fdd749>:0 ']","[]","max_steps_reached"
"32","['MoveAhead', 'PickupObject(Potato|-01.66|+00.93|-02.15)']","[True, False]","['Action MoveAhead succeeded.', 'Action PickupObject(Potato_1) failed.']","0.0","0.045454545454545456","False","[]","['', '']","ai2thor-3_transport_groceries-agents2-seed42-923ea7a9","50","18","82.13497543334961","94.37683038413525","['NullReferenceException: Target object not found within the specified visibility.. trace:   at UnityStandardAssets.Characters.FirstPerson.BaseFPSAgentController.getInteractableSimObjectFromId (System.String objectId, System.Boolean forceAction) [0x0007a] in <686694aeb00e4f03b2b15637c42c1442>:0 \n  at UnityStandardAssets.Characters.FirstPerson.PhysicsRemoteFPSAgentController.PickupObject (System.String objectId, System.Boolean forceAction, System.Boolean manualInteract) [0x00000] in <686694aeb00e4f03b2b15637c42c1442>:0 \n  at (wrapper managed-to-native) System.Reflection.MonoMethod.InternalInvoke(System.Reflection.MonoMethod,object,object[],System.Exception&)\n  at System.Reflection.MonoMethod.Invoke (System.Object obj, System.Reflection.BindingFlags invokeAttr, System.Reflection.Binder binder, System.Object[] parameters, System.Globalization.CultureInfo culture) [0x00032] in <695d1cc93cca45069c528c15c9fdd749>:0 ']","[]","max_steps_reached"
"33","['PickupObject(Apple|-00.47|+01.15|+00.48)', 'PickupObject(Potato|-01.66|+00.93|-02.15)']","[False, False]","['Action PickupObject(Apple_1) failed.', 'Action PickupObject(Potato_1) failed.']","0.0","0.045454545454545456","False","[]","['', '']","ai2thor-3_transport_groceries-agents2-seed42-923ea7a9","50","17","84.13850092887878","98.54565653949976","['NullReferenceException: Target object not found within the specified visibility.. trace:   at UnityStandardAssets.Characters.FirstPerson.BaseFPSAgentController.getInteractableSimObjectFromId (System.String objectId, System.Boolean forceAction) [0x0007a] in <686694aeb00e4f03b2b15637c42c1442>:0 \n  at UnityStandardAssets.Characters.FirstPerson.PhysicsRemoteFPSAgentController.PickupObject (System.String objectId, System.Boolean forceAction, System.Boolean manualInteract) [0x00000] in <686694aeb00e4f03b2b15637c42c1442>:0 \n  at (wrapper managed-to-native) System.Reflection.MonoMethod.InternalInvoke(System.Reflection.MonoMethod,object,object[],System.Exception&)\n  at System.Reflection.MonoMethod.Invoke (System.Object obj, System.Reflection.BindingFlags invokeAttr, System.Reflection.Binder binder, System.Object[] parameters, System.Globalization.CultureInfo culture) [0x00032] in <695d1cc93cca45069c528c15c9fdd749>:0 ', 'NullReferenceException: Target object not found within the specified visibility.. trace:   at UnityStandardAssets.Characters.FirstPerson.BaseFPSAgentController.getInteractableSimObjectFromId (System.String objectId, System.Boolean forceAction) [0x0007a] in <686694aeb00e4f03b2b15637c42c1442>:0 \n  at UnityStandardAssets.Characters.FirstPerson.PhysicsRemoteFPSAgentController.PickupObject (System.String objectId, System.Boolean forceAction, System.Boolean manualInteract) [0x00000] in <686694aeb00e4f03b2b15637c42c1442>:0 \n  at (wrapper managed-to-native) System.Reflection.MonoMethod.InternalInvoke(System.Reflection.MonoMethod,object,object[],System.Exception&)\n  at System.Reflection.MonoMethod.Invoke (System.Object obj, System.Reflection.BindingFlags invokeAttr, System.Reflection.Binder binder, System.Object[] parameters, System.Globalization.CultureInfo culture) [0x00032] in <695d1cc93cca45069c528c15c9fdd749>:0 ']","[]","max_steps_reached"
"34","['MoveAhead', 'PickupObject(Potato|-01.66|+00.93|-02.15)']","[True, False]","['Action MoveAhead succeeded.', 'Action PickupObject(Potato_1) failed.']","0.0","0.045454545454545456","False","[]","['', '']","ai2thor-3_transport_groceries-agents2-seed42-923ea7a9","50","16","86.14218068122864","108.03459212183952","['NullReferenceException: Target object not found within the specified visibility.. trace:   at UnityStandardAssets.Characters.FirstPerson.BaseFPSAgentController.getInteractableSimObjectFromId (System.String objectId, System.Boolean forceAction) [0x0007a] in <686694aeb00e4f03b2b15637c42c1442>:0 \n  at UnityStandardAssets.Characters.FirstPerson.PhysicsRemoteFPSAgentController.PickupObject (System.String objectId, System.Boolean forceAction, System.Boolean manualInteract) [0x00000] in <686694aeb00e4f03b2b15637c42c1442>:0 \n  at (wrapper managed-to-native) System.Reflection.MonoMethod.InternalInvoke(System.Reflection.MonoMethod,object,object[],System.Exception&)\n  at System.Reflection.MonoMethod.Invoke (System.Object obj, System.Reflection.BindingFlags invokeAttr, System.Reflection.Binder binder, System.Object[] parameters, System.Globalization.CultureInfo culture) [0x00032] in <695d1cc93cca45069c528c15c9fdd749>:0 ']","[]","max_steps_reached"
"35","['PickupObject(Apple|-00.47|+01.15|+00.48)', 'RotateLeft']","[False, True]","['Action PickupObject(Apple_1) failed.', 'Action RotateLeft succeeded.']","0.0","0.045454545454545456","False","[]","['', '']","ai2thor-3_transport_groceries-agents2-seed42-923ea7a9","50","15","88.1484911441803","110.43589655309916","['NullReferenceException: Target object not found within the specified visibility.. trace:   at UnityStandardAssets.Characters.FirstPerson.BaseFPSAgentController.getInteractableSimObjectFromId (System.String objectId, System.Boolean forceAction) [0x0007a] in <686694aeb00e4f03b2b15637c42c1442>:0 \n  at UnityStandardAssets.Characters.FirstPerson.PhysicsRemoteFPSAgentController.PickupObject (System.String objectId, System.Boolean forceAction, System.Boolean manualInteract) [0x00000] in <686694aeb00e4f03b2b15637c42c1442>:0 \n  at (wrapper managed-to-native) System.Reflection.MonoMethod.InternalInvoke(System.Reflection.MonoMethod,object,object[],System.Exception&)\n  at System.Reflection.MonoMethod.Invoke (System.Object obj, System.Reflection.BindingFlags invokeAttr, System.Reflection.Binder binder, System.Object[] parameters, System.Globalization.CultureInfo culture) [0x00032] in <695d1cc93cca45069c528c15c9fdd749>:0 ']","[]","max_steps_reached"
"36","['PickupObject(Bread|-00.52|+01.17|-00.03)', 'PickupObject(Potato|-01.66|+00.93|-02.15)']","[False, False]","['Action PickupObject(Bread_1) failed.', 'Action PickupObject(Potato_1) failed.']","0.0","0.045454545454545456","False","[]","['', '']","ai2thor-3_transport_groceries-agents2-seed42-923ea7a9","50","14","88.1484911441803","352.75436472147703","['NullReferenceException: Target object not found within the specified visibility.. trace:   at UnityStandardAssets.Characters.FirstPerson.BaseFPSAgentController.getInteractableSimObjectFromId (System.String objectId, System.Boolean forceAction) [0x0007a] in <686694aeb00e4f03b2b15637c42c1442>:0 \n  at UnityStandardAssets.Characters.FirstPerson.PhysicsRemoteFPSAgentController.PickupObject (System.String objectId, System.Boolean forceAction, System.Boolean manualInteract) [0x00000] in <686694aeb00e4f03b2b15637c42c1442>:0 \n  at (wrapper managed-to-native) System.Reflection.MonoMethod.InternalInvoke(System.Reflection.MonoMethod,object,object[],System.Exception&)\n  at System.Reflection.MonoMethod.Invoke (System.Object obj, System.Reflection.BindingFlags invokeAttr, System.Reflection.Binder binder, System.Object[] parameters, System.Globalization.CultureInfo culture) [0x00032] in <695d1cc93cca45069c528c15c9fdd749>:0 ', 'NullReferenceException: Target object not found within the specified visibility.. trace:   at UnityStandardAssets.Characters.FirstPerson.BaseFPSAgentController.getInteractableSimObjectFromId (System.String objectId, System.Boolean forceAction) [0x0007a] in <686694aeb00e4f03b2b15637c42c1442>:0 \n  at UnityStandardAssets.Characters.FirstPerson.PhysicsRemoteFPSAgentController.PickupObject (System.String objectId, System.Boolean forceAction, System.Boolean manualInteract) [0x00000] in <686694aeb00e4f03b2b15637c42c1442>:0 \n  at (wrapper managed-to-native) System.Reflection.MonoMethod.InternalInvoke(System.Reflection.MonoMethod,object,object[],System.Exception&)\n  at System.Reflection.MonoMethod.Invoke (System.Object obj, System.Reflection.BindingFlags invokeAttr, System.Reflection.Binder binder, System.Object[] parameters, System.Globalization.CultureInfo culture) [0x00032] in <695d1cc93cca45069c528c15c9fdd749>:0 ']","[]","max_steps_reached"
"37","['LookDown(30)', 'MoveAhead']","[True, False]","['Action LookDown(30) succeeded.', 'Action MoveAhead failed.']","0.0","0.045454545454545456","False","[]","['', '']","ai2thor-3_transport_groceries-agents2-seed42-923ea7a9","50","13","90.1531572341919","133.87020584195852","['Fridge_e92350c6 is blocking Agent 1 from moving by (0.0000, 0.0000, -0.2500).']","[]","max_steps_reached"
"38","['PickupObject(Apple|-00.47|+01.15|+00.48)', 'MoveBack']","[False, False]","['Action PickupObject(Apple_1) failed.', 'Action MoveBack failed.']","0.0","0.045454545454545456","False","[]","['', '']","ai2thor-3_transport_groceries-agents2-seed42-923ea7a9","50","12","92.15621376037598","110.98889354616404","['NullReferenceException: Target object not found within the specified visibility.. trace:   at UnityStandardAssets.Characters.FirstPerson.BaseFPSAgentController.getInteractableSimObjectFromId (System.String objectId, System.Boolean forceAction) [0x0007a] in <686694aeb00e4f03b2b15637c42c1442>:0 \n  at UnityStandardAssets.Characters.FirstPerson.PhysicsRemoteFPSAgentController.PickupObject (System.String objectId, System.Boolean forceAction, System.Boolean manualInteract) [0x00000] in <686694aeb00e4f03b2b15637c42c1442>:0 \n  at (wrapper managed-to-native) System.Reflection.MonoMethod.InternalInvoke(System.Reflection.MonoMethod,object,object[],System.Exception&)\n  at System.Reflection.MonoMethod.Invoke (System.Object obj, System.Reflection.BindingFlags invokeAttr, System.Reflection.Binder binder, System.Object[] parameters, System.Globalization.CultureInfo culture) [0x00032] in <695d1cc93cca45069c528c15c9fdd749>:0 ', 'Fridge_e92350c6 is blocking Agent 1 from moving by (0.0000, 0.0000, 0.2500).']","[]","max_steps_reached"
"39","['PickupObject(Apple|-00.47|+01.15|+00.48)', 'PickupObject(Potato|-01.66|+00.93|-02.15)']","[False, False]","['Action PickupObject(Apple_1) failed.', 'Action PickupObject(Potato_1) failed.']","0.0","0.045454545454545456","False","[]","['', '']","ai2thor-3_transport_groceries-agents2-seed42-923ea7a9","50","11","96.16220283508301","123.85320756584406","['NullReferenceException: Target object not found within the specified visibility.. trace:   at UnityStandardAssets.Characters.FirstPerson.BaseFPSAgentController.getInteractableSimObjectFromId (System.String objectId, System.Boolean forceAction) [0x0007a] in <686694aeb00e4f03b2b15637c42c1442>:0 \n  at UnityStandardAssets.Characters.FirstPerson.PhysicsRemoteFPSAgentController.PickupObject (System.String objectId, System.Boolean forceAction, System.Boolean manualInteract) [0x00000] in <686694aeb00e4f03b2b15637c42c1442>:0 \n  at (wrapper managed-to-native) System.Reflection.MonoMethod.InternalInvoke(System.Reflection.MonoMethod,object,object[],System.Exception&)\n  at System.Reflection.MonoMethod.Invoke (System.Object obj, System.Reflection.BindingFlags invokeAttr, System.Reflection.Binder binder, System.Object[] parameters, System.Globalization.CultureInfo culture) [0x00032] in <695d1cc93cca45069c528c15c9fdd749>:0 ', 'NullReferenceException: Target object not found within the specified visibility.. trace:   at UnityStandardAssets.Characters.FirstPerson.BaseFPSAgentController.getInteractableSimObjectFromId (System.String objectId, System.Boolean forceAction) [0x0007a] in <686694aeb00e4f03b2b15637c42c1442>:0 \n  at UnityStandardAssets.Characters.FirstPerson.PhysicsRemoteFPSAgentController.PickupObject (System.String objectId, System.Boolean forceAction, System.Boolean manualInteract) [0x00000] in <686694aeb00e4f03b2b15637c42c1442>:0 \n  at (wrapper managed-to-native) System.Reflection.MonoMethod.InternalInvoke(System.Reflection.MonoMethod,object,object[],System.Exception&)\n  at System.Reflection.MonoMethod.Invoke (System.Object obj, System.Reflection.BindingFlags invokeAttr, System.Reflection.Binder binder, System.Object[] parameters, System.Globalization.CultureInfo culture) [0x00032] in <695d1cc93cca45069c528c15c9fdd749>:0 ']","[]","max_steps_reached"
"40","['PickupObject(Egg|-02.04|+00.81|+01.24)', 'RotateRight']","[False, True]","['Action PickupObject(Egg_1) failed.', 'Action RotateRight succeeded.']","0.0","0.045454545454545456","False","[]","['', '']","ai2thor-3_transport_groceries-agents2-seed42-923ea7a9","50","10","100.16882038116455","161.7681384086609","['NullReferenceException: Target object not found within the specified visibility.. trace:   at UnityStandardAssets.Characters.FirstPerson.BaseFPSAgentController.getInteractableSimObjectFromId (System.String objectId, System.Boolean forceAction) [0x0007a] in <686694aeb00e4f03b2b15637c42c1442>:0 \n  at UnityStandardAssets.Characters.FirstPerson.PhysicsRemoteFPSAgentController.PickupObject (System.String objectId, System.Boolean forceAction, System.Boolean manualInteract) [0x00000] in <686694aeb00e4f03b2b15637c42c1442>:0 \n  at (wrapper managed-to-native) System.Reflection.MonoMethod.InternalInvoke(System.Reflection.MonoMethod,object,object[],System.Exception&)\n  at System.Reflection.MonoMethod.Invoke (System.Object obj, System.Reflection.BindingFlags invokeAttr, System.Reflection.Binder binder, System.Object[] parameters, System.Globalization.CultureInfo culture) [0x00032] in <695d1cc93cca45069c528c15c9fdd749>:0 ']","[]","max_steps_reached"
"41","['MoveAhead', 'MoveLeft']","[True, False]","['Action MoveAhead succeeded.', 'Action MoveLeft failed.']","0.0","0.045454545454545456","False","[]","['', '']","ai2thor-3_transport_groceries-agents2-seed42-923ea7a9","50","9","102.1726701259613","133.11751000583172","['Fridge_e92350c6 is blocking Agent 1 from moving by (0.0000, 0.0000, -0.2500).']","[]","max_steps_reached"
"42","['PickupObject(Apple|-00.47|+01.15|+00.48)', 'PickupObject(Potato|-01.66|+00.93|-02.15)']","[False, False]","['Action PickupObject(Apple_1) failed.', 'Action PickupObject(Potato_1) failed.']","0.0","0.045454545454545456","False","[]","['', '']","ai2thor-3_transport_groceries-agents2-seed42-923ea7a9","50","8","104.17627215385437","107.93984215706587","['NullReferenceException: Target object not found within the specified visibility.. trace:   at UnityStandardAssets.Characters.FirstPerson.BaseFPSAgentController.getInteractableSimObjectFromId (System.String objectId, System.Boolean forceAction) [0x0007a] in <686694aeb00e4f03b2b15637c42c1442>:0 \n  at UnityStandardAssets.Characters.FirstPerson.PhysicsRemoteFPSAgentController.PickupObject (System.String objectId, System.Boolean forceAction, System.Boolean manualInteract) [0x00000] in <686694aeb00e4f03b2b15637c42c1442>:0 \n  at (wrapper managed-to-native) System.Reflection.MonoMethod.InternalInvoke(System.Reflection.MonoMethod,object,object[],System.Exception&)\n  at System.Reflection.MonoMethod.Invoke (System.Object obj, System.Reflection.BindingFlags invokeAttr, System.Reflection.Binder binder, System.Object[] parameters, System.Globalization.CultureInfo culture) [0x00032] in <695d1cc93cca45069c528c15c9fdd749>:0 ', 'NullReferenceException: Target object not found within the specified visibility.. trace:   at UnityStandardAssets.Characters.FirstPerson.BaseFPSAgentController.getInteractableSimObjectFromId (System.String objectId, System.Boolean forceAction) [0x0007a] in <686694aeb00e4f03b2b15637c42c1442>:0 \n  at UnityStandardAssets.Characters.FirstPerson.PhysicsRemoteFPSAgentController.PickupObject (System.String objectId, System.Boolean forceAction, System.Boolean manualInteract) [0x00000] in <686694aeb00e4f03b2b15637c42c1442>:0 \n  at (wrapper managed-to-native) System.Reflection.MonoMethod.InternalInvoke(System.Reflection.MonoMethod,object,object[],System.Exception&)\n  at System.Reflection.MonoMethod.Invoke (System.Object obj, System.Reflection.BindingFlags invokeAttr, System.Reflection.Binder binder, System.Object[] parameters, System.Globalization.CultureInfo culture) [0x00032] in <695d1cc93cca45069c528c15c9fdd749>:0 ']","[]","max_steps_reached"
"43","['MoveAhead', 'MoveRight']","[True, False]","['Action MoveAhead succeeded.', 'Action MoveRight failed.']","0.0","0.045454545454545456","False","[]","['', '']","ai2thor-3_transport_groceries-agents2-seed42-923ea7a9","50","7","110.18454837799072","186.00914254784584","['Fridge_e92350c6 is blocking Agent 1 from moving by (0.0000, 0.0000, 0.2500).']","[]","max_steps_reached"
"44","['PickupObject(Apple|-00.47|+01.15|+00.48)', 'MoveAhead']","[False, False]","['Action PickupObject(Apple_1) failed.', 'Action MoveAhead failed.']","0.0","0.045454545454545456","False","[]","['', '']","ai2thor-3_transport_groceries-agents2-seed42-923ea7a9","50","6","114.19054627418518","130.9033315628767","['NullReferenceException: Target object not found within the specified visibility.. trace:   at UnityStandardAssets.Characters.FirstPerson.BaseFPSAgentController.getInteractableSimObjectFromId (System.String objectId, System.Boolean forceAction) [0x0007a] in <686694aeb00e4f03b2b15637c42c1442>:0 \n  at UnityStandardAssets.Characters.FirstPerson.PhysicsRemoteFPSAgentController.PickupObject (System.String objectId, System.Boolean forceAction, System.Boolean manualInteract) [0x00000] in <686694aeb00e4f03b2b15637c42c1442>:0 \n  at (wrapper managed-to-native) System.Reflection.MonoMethod.InternalInvoke(System.Reflection.MonoMethod,object,object[],System.Exception&)\n  at System.Reflection.MonoMethod.Invoke (System.Object obj, System.Reflection.BindingFlags invokeAttr, System.Reflection.Binder binder, System.Object[] parameters, System.Globalization.CultureInfo culture) [0x00032] in <695d1cc93cca45069c528c15c9fdd749>:0 ', 'StandardCounterHeightWidth is blocking Agent 1 from moving by (-0.2500, 0.0000, 0.0000).']","[]","max_steps_reached"
"45","['LookDown(30)', 'OpenObject(Fridge|-02.10|+00.00|+01.07)']","[True, True]","['Action LookDown(30) succeeded.', 'Action OpenObject(Fridge_1) succeeded.']","0.0","0.045454545454545456","False","[]","['', '']","ai2thor-3_transport_groceries-agents2-seed42-923ea7a9","50","5","116.19416809082031","130.50456810742617","[]","[]","max_steps_reached"
"46","['PickupObject(Apple|-00.47|+01.15|+00.48)', 'PickupObject(Potato|-01.66|+00.93|-02.15)']","[False, False]","['Action PickupObject(Apple_1) failed.', 'Action PickupObject(Potato_1) failed.']","0.0","0.045454545454545456","False","[]","['', '']","ai2thor-3_transport_groceries-agents2-seed42-923ea7a9","50","4","118.19756293296814","106.25006444752216","['NullReferenceException: Target object not found within the specified visibility.. trace:   at UnityStandardAssets.Characters.FirstPerson.BaseFPSAgentController.getInteractableSimObjectFromId (System.String objectId, System.Boolean forceAction) [0x0007a] in <686694aeb00e4f03b2b15637c42c1442>:0 \n  at UnityStandardAssets.Characters.FirstPerson.PhysicsRemoteFPSAgentController.PickupObject (System.String objectId, System.Boolean forceAction, System.Boolean manualInteract) [0x00000] in <686694aeb00e4f03b2b15637c42c1442>:0 \n  at (wrapper managed-to-native) System.Reflection.MonoMethod.InternalInvoke(System.Reflection.MonoMethod,object,object[],System.Exception&)\n  at System.Reflection.MonoMethod.Invoke (System.Object obj, System.Reflection.BindingFlags invokeAttr, System.Reflection.Binder binder, System.Object[] parameters, System.Globalization.CultureInfo culture) [0x00032] in <695d1cc93cca45069c528c15c9fdd749>:0 ', 'NullReferenceException: Target object not found within the specified visibility.. trace:   at UnityStandardAssets.Characters.FirstPerson.BaseFPSAgentController.getInteractableSimObjectFromId (System.String objectId, System.Boolean forceAction) [0x0007a] in <686694aeb00e4f03b2b15637c42c1442>:0 \n  at UnityStandardAssets.Characters.FirstPerson.PhysicsRemoteFPSAgentController.PickupObject (System.String objectId, System.Boolean forceAction, System.Boolean manualInteract) [0x00000] in <686694aeb00e4f03b2b15637c42c1442>:0 \n  at (wrapper managed-to-native) System.Reflection.MonoMethod.InternalInvoke(System.Reflection.MonoMethod,object,object[],System.Exception&)\n  at System.Reflection.MonoMethod.Invoke (System.Object obj, System.Reflection.BindingFlags invokeAttr, System.Reflection.Binder binder, System.Object[] parameters, System.Globalization.CultureInfo culture) [0x00032] in <695d1cc93cca45069c528c15c9fdd749>:0 ']","[]","max_steps_reached"
"47","['MoveLeft', 'PickupObject(Bottle|+01.54|+00.89|-02.54)']","[True, False]","['Action MoveLeft succeeded.', 'Action PickupObject(Bottle_1) failed.']","0.0","0.045454545454545456","False","[]","['', '']","ai2thor-3_transport_groceries-agents2-seed42-923ea7a9","50","3","122.20366716384888","135.12577675282955","['NullReferenceException: Target object not found within the specified visibility.. trace:   at UnityStandardAssets.Characters.FirstPerson.BaseFPSAgentController.getInteractableSimObjectFromId (System.String objectId, System.Boolean forceAction) [0x0007a] in <686694aeb00e4f03b2b15637c42c1442>:0 \n  at UnityStandardAssets.Characters.FirstPerson.PhysicsRemoteFPSAgentController.PickupObject (System.String objectId, System.Boolean forceAction, System.Boolean manualInteract) [0x00000] in <686694aeb00e4f03b2b15637c42c1442>:0 \n  at (wrapper managed-to-native) System.Reflection.MonoMethod.InternalInvoke(System.Reflection.MonoMethod,object,object[],System.Exception&)\n  at System.Reflection.MonoMethod.Invoke (System.Object obj, System.Reflection.BindingFlags invokeAttr, System.Reflection.Binder binder, System.Object[] parameters, System.Globalization.CultureInfo culture) [0x00032] in <695d1cc93cca45069c528c15c9fdd749>:0 ']","[]","max_steps_reached"
"48","['PickupObject(Apple|-00.47|+01.15|+00.48)', 'MoveAhead']","[False, False]","['Action PickupObject(Apple_1) failed.', 'Action MoveAhead failed.']","0.0","0.045454545454545456","False","[]","['', '']","ai2thor-3_transport_groceries-agents2-seed42-923ea7a9","50","2","124.2071967124939","108.17419085651636","['NullReferenceException: Target object not found within the specified visibility.. trace:   at UnityStandardAssets.Characters.FirstPerson.BaseFPSAgentController.getInteractableSimObjectFromId (System.String objectId, System.Boolean forceAction) [0x0007a] in <686694aeb00e4f03b2b15637c42c1442>:0 \n  at UnityStandardAssets.Characters.FirstPerson.PhysicsRemoteFPSAgentController.PickupObject (System.String objectId, System.Boolean forceAction, System.Boolean manualInteract) [0x00000] in <686694aeb00e4f03b2b15637c42c1442>:0 \n  at (wrapper managed-to-native) System.Reflection.MonoMethod.InternalInvoke(System.Reflection.MonoMethod,object,object[],System.Exception&)\n  at System.Reflection.MonoMethod.Invoke (System.Object obj, System.Reflection.BindingFlags invokeAttr, System.Reflection.Binder binder, System.Object[] parameters, System.Globalization.CultureInfo culture) [0x00032] in <695d1cc93cca45069c528c15c9fdd749>:0 ', 'StandardCounterHeightWidth is blocking Agent 1 from moving by (-0.2500, 0.0000, 0.0000).']","[]","max_steps_reached"
"49","['PickupObject(Bread|-00.52|+01.17|-00.03)', 'PickupObject(WineBottle|-01.00|+01.65|-02.58)']","[False, False]","['Action PickupObject(Bread_1) failed.', 'Action PickupObject(WineBottle_1) failed.']","0.0","0.045454545454545456","False","[]","['', '']","ai2thor-3_transport_groceries-agents2-seed42-923ea7a9","50","1","130.21463775634766","159.32906139642","['NullReferenceException: Target object not found within the specified visibility.. trace:   at UnityStandardAssets.Characters.FirstPerson.BaseFPSAgentController.getInteractableSimObjectFromId (System.String objectId, System.Boolean forceAction) [0x0007a] in <686694aeb00e4f03b2b15637c42c1442>:0 \n  at UnityStandardAssets.Characters.FirstPerson.PhysicsRemoteFPSAgentController.PickupObject (System.String objectId, System.Boolean forceAction, System.Boolean manualInteract) [0x00000] in <686694aeb00e4f03b2b15637c42c1442>:0 \n  at (wrapper managed-to-native) System.Reflection.MonoMethod.InternalInvoke(System.Reflection.MonoMethod,object,object[],System.Exception&)\n  at System.Reflection.MonoMethod.Invoke (System.Object obj, System.Reflection.BindingFlags invokeAttr, System.Reflection.Binder binder, System.Object[] parameters, System.Globalization.CultureInfo culture) [0x00032] in <695d1cc93cca45069c528c15c9fdd749>:0 ', 'NullReferenceException: Target object not found within the specified visibility.. trace:   at UnityStandardAssets.Characters.FirstPerson.BaseFPSAgentController.getInteractableSimObjectFromId (System.String objectId, System.Boolean forceAction) [0x0007a] in <686694aeb00e4f03b2b15637c42c1442>:0 \n  at UnityStandardAssets.Characters.FirstPerson.PhysicsRemoteFPSAgentController.PickupObject (System.String objectId, System.Boolean forceAction, System.Boolean manualInteract) [0x00000] in <686694aeb00e4f03b2b15637c42c1442>:0 \n  at (wrapper managed-to-native) System.Reflection.MonoMethod.InternalInvoke(System.Reflection.MonoMethod,object,object[],System.Exception&)\n  at System.Reflection.MonoMethod.Invoke (System.Object obj, System.Reflection.BindingFlags invokeAttr, System.Reflection.Binder binder, System.Object[] parameters, System.Globalization.CultureInfo culture) [0x00032] in <695d1cc93cca45069c528c15c9fdd749>:0 ']","[]","max_steps_reached"
"50","['Done', 'Done']","[True, True]","['Action Done succeeded.', 'Action Done succeeded.']","0.0","0.045454545454545456","False","[]","['', '']","ai2thor-3_transport_groceries-agents2-seed42-923ea7a9","50","0","132.21862936019897","102.21587400883436","[]","[]","max_steps_reached"
